SUBPROCESO,Encuestas,Promotores,Neutros,Detractores,%Detractores,NPS,% de los detractores
Actualización correo en el backoffice,2,0,0,2,100.0,-100.0,0.0
Cambio a Bico,2,0,0,2,100.0,-100.0,0.0
No permite hacer compras/avances,1,0,0,1,100.0,-100.0,0.0
Error al subir archivo plano,3,1,0,2,66.7,-33.3,0.0
Producto con novedad,8,3,1,4,50.0,-12.5,0.1
Oficinas,2,1,0,1,50.0,0.0,0.0
Código de Juzgado no corresponde al tipo de deposito o juzgado asignado,6,3,0,3,50.0,0.0,0.1
Corresponsales Bancarios,2,1,0,1,50.0,0.0,0.0
Información especifica,2,1,0,1,50.0,0.0,0.0
Por la tasa de Interés,1,0,1,0,0.0,0.0,0.0
Información general,51,24,4,23,45.1,2.0,0.4
Saldo por intereses futuros,16,8,3,5,31.2,18.8,0.1
Solicitud de endoso,4,2,1,1,25.0,25.0,0.0
Saldo pendiente de pago,11,6,2,3,27.3,27.3,0.1
Consulta de solicitudes,14,8,2,4,28.6,28.6,0.1
Cancelación cuenta Digital,3,2,0,1,33.3,33.3,0.0
Información compra de cartera,3,2,0,1,33.3,33.3,0.0
Asesoria inscripción de terceros o cargue archivo plano,23,14,3,6,26.1,34.8,0.1
Demora en llegada clave temporal,21,14,1,6,28.6,38.1,0.1
Creación de novedad,47,30,7,10,21.3,42.6,0.2
Estado de TC diferente a Normal,98,65,10,23,23.5,42.9,0.4
Solicitud de Replica de PQR,14,9,2,3,21.4,42.9,0.1
Información Estado actual de PQR,340,229,30,81,23.8,43.5,1.5
Información desactualizada,16,11,1,4,25.0,43.8,0.1
Estado devolución de llamada,9,6,1,2,22.2,44.4,0.0
Asesoría transferencias o pagos por PSE,162,111,14,37,22.8,45.7,0.7
Persona Juridica,28,19,3,6,21.4,46.4,0.1
Soporte y acompañamiento en Bico,128,88,12,28,21.9,46.9,0.5
Lectura PQR,34,23,4,7,20.6,47.1,0.1
Saldo a favor,53,35,8,10,18.9,47.2,0.2
Otros Depósitos Especiales,426,302,32,92,21.6,49.3,1.7
Incidencias en la apertura,4,2,2,0,0.0,50.0,0.0
Solicitud de Prórroga,12,7,4,1,8.3,50.0,0.0
Requisitos / Condiciones,6,4,1,1,16.7,50.0,0.0
Seguridad Social,6,4,1,1,16.7,50.0,0.0
Bolsillos,2,1,1,0,0.0,50.0,0.0
Depósitos Judiciales Remates,81,60,2,19,23.5,50.6,0.4
Por la cuota de Manejo,17,11,4,2,11.8,52.9,0.0
Fallas tecnicas,394,281,42,71,18.0,53.3,1.3
Solicitudes de certificaciones y soportes,961,713,74,174,18.1,56.1,3.2
Aumento de topes (Ecommerce),14,11,0,3,21.4,57.1,0.1
Evidente fallido,59,44,5,10,16.9,57.6,0.2
Asesoria y acompañamiento en Bico,419,323,16,80,19.1,58.0,1.5
Radicación de PQR,385,287,35,63,16.4,58.2,1.2
PSE,103,76,11,16,15.5,58.3,0.3
Pago no aplicado,44,34,2,8,18.2,59.1,0.1
Actualización de Datos,257,191,28,38,14.8,59.5,0.7
No la utiliza,63,47,7,9,14.3,60.3,0.2
Soporte y acompañamiento en el portal,114,89,5,20,17.5,60.5,0.4
Asesoría transacciones,138,108,6,24,17.4,60.9,0.4
Soporte y acompañamiento en la Banca,9252,7149,606,1497,16.2,61.1,27.7
Persona Natural,369,281,33,55,14.9,61.2,1.0
Problemas de información y trazabilidad BRE-B,47,36,4,7,14.9,61.7,0.1
Fallas en biometria,47,37,2,8,17.0,61.7,0.1
Información de apertura de Bico / Bloqueo / Cancelación,132,103,8,21,15.9,62.1,0.4
Solicitud de Rediferido,16,12,2,2,12.5,62.5,0.0
Asesoria enrolamiento Soft token,84,66,5,13,15.5,63.1,0.2
"Asesoria creación, desbloqueo, perfiles de usuarios o esquemas de aprobación",402,315,26,61,15.2,63.2,1.1
"Asesoria creación de usuarios, desbloqueo de usuarios, perfiles, montos y niveles de firma",66,51,6,9,13.6,63.6,0.2
Tasas y Tarifas,22,18,0,4,18.2,63.6,0.1
Información y/o aclaración condiciones,78,62,5,11,14.1,65.4,0.2
Compra de cartera,106,85,6,15,14.2,66.0,0.3
Inconveniente con la llegada del token,60,46,8,6,10.0,66.7,0.1
Información y/o aclaración condiciones del producto,3426,2756,218,452,13.2,67.3,8.4
Embargos de alimentos (cuotas alimentarias),90,71,9,10,11.1,67.8,0.2
Novedad CIFIN,84,67,7,10,11.9,67.9,0.2
Consulta de saldo,904,735,52,117,12.9,68.4,2.2
Información y ofrecimiento de cuentas / Requisitos,262,209,24,29,11.1,68.7,0.5
Asesoría Registro,29,23,3,3,10.3,69.0,0.1
Información o Estado del giro,669,536,63,70,10.5,69.7,1.3
"Bloqueo por backoffice, politica de seguridad",131,106,11,14,10.7,70.2,0.3
Inconsistencias en cobros y registros BRE-B,41,33,4,4,9.8,70.7,0.1
Soporte apertura,7,6,0,1,14.3,71.4,0.0
Estado del producto,247,205,14,28,11.3,71.7,0.5
Activación Ecommers,217,179,15,23,10.6,71.9,0.4
Activación SIN TD.,553,460,31,62,11.2,72.0,1.1
Errores en la transferencia BRE-B,398,329,29,40,10.1,72.6,0.7
Proceso activación Tarjeta de Crédito,33,28,1,4,12.1,72.7,0.1
Agendamiento devolución de llamada,3992,3322,269,401,10.0,73.2,7.4
No registra en Cifin,15,12,2,1,6.7,73.3,0.0
Información y ofrecimiento de credito / Requisitos,1065,889,71,105,9.9,73.6,1.9
Información y ofrecimiento tarjeta de credito / Requisitos,59,51,1,7,11.9,74.6,0.1
Sincronización de productos.,103,86,8,9,8.7,74.8,0.2
Habilitación compras por internet en TC,224,191,10,23,10.3,75.0,0.4
Olvido de Usuario o Contraseña,20,17,1,2,10.0,75.0,0.0
"Pago Minimo, Total o numero de obligación",2359,2014,105,240,10.2,75.2,4.4
Proceso exitoso,181,154,10,17,9.4,75.7,0.3
Pregunta secreta,554,478,25,51,9.2,77.1,0.9
Actualización de Datos por error en formulario,9,7,2,0,0.0,77.8,0.0
Estado de la solicitud de crédito,872,756,38,78,8.9,77.8,1.4
Recordación de usuario.,231,201,9,21,9.1,77.9,0.4
Eliminación,272,237,10,25,9.2,77.9,0.5
Activación de cuenta,292,253,14,25,8.6,78.1,0.5
Bloqueo posible fraude,37,32,2,3,8.1,78.4,0.1
"Bloqueos de Banca (Pin, Contraseña, Token, Usuario).",2372,2061,112,199,8.4,78.5,3.7
Información Alternativas de pago,68,59,4,5,7.4,79.4,0.1
Asesoria solicitudes de cambio de clave usuario basico,10,9,0,1,10.0,80.0,0.0
Pago Minimo o Total,350,308,17,25,7.1,80.9,0.5
Bloqueo contra retiro,211,185,12,14,6.6,81.0,0.3
Crédito asociativo con Prosperidad Social,50,45,1,4,8.0,82.0,0.1
Bloqueo de producto,871,782,28,61,7.0,82.8,1.1
Colombia Mayor,18,16,1,1,5.6,83.3,0.0
Actualización de datos,33,30,1,2,6.1,84.8,0.0
Ola invernal,258,237,4,17,6.6,85.3,0.3
Activación Compras en el Exterior,55,51,0,4,7.3,85.5,0.1
Solicitud de desbloqueo,29,27,0,2,6.9,86.2,0.0
Información Plan Alivios Especiales,16,14,2,0,0.0,87.5,0.0
Asesoría App (Aplicación Movil),11,10,1,0,0.0,90.9,0.0
Información casas de cobranza,15,14,1,0,0.0,93.3,0.0
Asesoría cuentas maestras,1,1,0,0,0.0,100.0,0.0
Cambio a Giro,1,1,0,0,0.0,100.0,0.0
Cambio de tasa DTF a IBR,4,4,0,0,0.0,100.0,0.0
Falta de beneficios,1,1,0,0,0.0,100.0,0.0
Cheques / Remesas,6,6,0,0,0.0,100.0,0.0
DIAN,4,4,0,0,0.0,100.0,0.0
Devolución saldo a favor libranza,1,1,0,0,0.0,100.0,0.0
Asesoria solicitudes de cambio de clave,1,1,0,0,0.0,100.0,0.0
Pago por ventanilla,1,1,0,0,0.0,100.0,0.0
Pago domiciliado,1,1,0,0,0.0,100.0,0.0
Información reconocimiento deuda clientes fallecidos,4,4,0,0,0.0,100.0,0.0
Por endeudamiento,5,5,0,0,0.0,100.0,0.0
Requisitos entrega de saldo fallecidos,1,1,0,0,0.0,100.0,0.0
Sin trabajo,3,3,0,0,0.0,100.0,0.0
